<?xml version="1.0" encoding="UTF-8"?>
<GenRun Id="synth_1" LaunchPart="xc7a35tcpg236-1" LaunchTime="1679986312">
  <File Type="PA-TCL" Name="lab5_vhdl.tcl"/>
  <File Type="RDS-PROPCONSTRS" Name="lab5_vhdl_drc_synth.rpt"/>
  <File Type="REPORTS-TCL" Name="lab5_vhdl_reports.tcl"/>
  <File Type="RDS-RDS" Name="lab5_vhdl.vds"/>
  <File Type="RDS-UTIL" Name="lab5_vhdl_utilization_synth.rpt"/>
  <File Type="RDS-UTIL-PB" Name="lab5_vhdl_utilization_synth.pb"/>
  <File Type="RDS-DCP" Name="lab5_vhdl.dcp"/>
  <File Type="VDS-TIMINGSUMMARY" Name="lab5_vhdl_timing_summary_synth.rpt"/>
  <File Type="VDS-TIMING-PB" Name="lab5_vhdl_timing_summary_synth.pb"/>
  <FileSet Name="sources" Type="DesignSrcs" RelSrcDir="$PSRCDIR/sources_1">
    <Filter Type="Srcs"/>
    <File Path="$PSRCDIR/sources_1/imports/lib_SAP_2022_02_02/debounce/debounce.vhd">
      <FileInfo>
        <Attr Name="ImportPath" Val="$PPRDIR/../lib_SAP_2022_02_02/debounce/debounce.vhd"/>
        <Attr Name="ImportTime" Val="1676962303"/>
        <Attr Name="UsedIn" Val="synthesis"/>
        <Attr Name="UsedIn" Val="simulation"/>
      </FileInfo>
    </File>
    <File Path="$PSRCDIR/sources_1/imports/Downloads/l5_next_state_logic.vhd">
      <FileInfo>
        <Attr Name="ImportPath" Val="//drive.fit.cvut.cz/home/shibakir/Downloads/l5_next_state_logic.vhd"/>
        <Attr Name="ImportTime" Val="1679981689"/>
        <Attr Name="UsedIn" Val="synthesis"/>
        <Attr Name="UsedIn" Val="simulation"/>
      </FileInfo>
    </File>
    <File Path="$PSRCDIR/sources_1/imports/Downloads/l5_output_logic.vhd">
      <FileInfo>
        <Attr Name="ImportPath" Val="//drive.fit.cvut.cz/home/shibakir/Downloads/l5_output_logic.vhd"/>
        <Attr Name="ImportTime" Val="1679981689"/>
        <Attr Name="UsedIn" Val="synthesis"/>
        <Attr Name="UsedIn" Val="simulation"/>
      </FileInfo>
    </File>
    <File Path="$PSRCDIR/sources_1/imports/tmp/lab5.vhd">
      <FileInfo>
        <Attr Name="ImportPath" Val="$PPRDIR/tmp/lab5.vhd"/>
        <Attr Name="ImportTime" Val="1679985602"/>
        <Attr Name="UsedIn" Val="synthesis"/>
        <Attr Name="UsedIn" Val="simulation"/>
      </FileInfo>
    </File>
    <File Path="$PSRCDIR/sources_1/bd/lab5/lab5.bd">
      <FileInfo>
        <Attr Name="AutoDisabled" Val="1"/>
        <Attr Name="UsedIn" Val="synthesis"/>
        <Attr Name="UsedIn" Val="implementation"/>
        <Attr Name="UsedIn" Val="simulation"/>
      </FileInfo>
    </File>
    <File Path="$PSRCDIR/sources_1/imports/lib_SAP_2022_02_02/buf/buf.vhd">
      <FileInfo>
        <Attr Name="AutoDisabled" Val="1"/>
        <Attr Name="ImportPath" Val="$PPRDIR/../lib_SAP_2022_02_02/buf/buf.vhd"/>
        <Attr Name="ImportTime" Val="1676962302"/>
        <Attr Name="UsedIn" Val="synthesis"/>
        <Attr Name="UsedIn" Val="simulation"/>
      </FileInfo>
    </File>
    <File Path="$PSRCDIR/sources_1/imports/lib_SAP_2022_02_02/mux/mux.vhd">
      <FileInfo>
        <Attr Name="AutoDisabled" Val="1"/>
        <Attr Name="ImportPath" Val="$PPRDIR/../lib_SAP_2022_02_02/mux/mux.vhd"/>
        <Attr Name="ImportTime" Val="1676962304"/>
        <Attr Name="UsedIn" Val="synthesis"/>
        <Attr Name="UsedIn" Val="simulation"/>
      </FileInfo>
    </File>
    <File Path="$PSRCDIR/sources_1/imports/lib_SAP_2022_02_02/vcc/vcc.vhd">
      <FileInfo>
        <Attr Name="AutoDisabled" Val="1"/>
        <Attr Name="ImportPath" Val="$PPRDIR/../lib_SAP_2022_02_02/vcc/vcc.vhd"/>
        <Attr Name="ImportTime" Val="1676962307"/>
        <Attr Name="UsedIn" Val="synthesis"/>
        <Attr Name="UsedIn" Val="simulation"/>
      </FileInfo>
    </File>
    <File Path="$PSRCDIR/sources_1/imports/lib_SAP_2022_02_02/dff/dff.vhd">
      <FileInfo>
        <Attr Name="AutoDisabled" Val="1"/>
        <Attr Name="ImportPath" Val="$PPRDIR/../lib_SAP_2022_02_02/dff/dff.vhd"/>
        <Attr Name="ImportTime" Val="1676962303"/>
        <Attr Name="UsedIn" Val="synthesis"/>
        <Attr Name="UsedIn" Val="simulation"/>
      </FileInfo>
    </File>
    <File Path="$PSRCDIR/sources_1/imports/lib_SAP_2022_02_02/inv/inv.vhd">
      <FileInfo>
        <Attr Name="AutoDisabled" Val="1"/>
        <Attr Name="ImportPath" Val="$PPRDIR/../lib_SAP_2022_02_02/inv/inv.vhd"/>
        <Attr Name="ImportTime" Val="1676962304"/>
        <Attr Name="UsedIn" Val="synthesis"/>
        <Attr Name="UsedIn" Val="simulation"/>
      </FileInfo>
    </File>
    <File Path="$PSRCDIR/sources_1/imports/lib_SAP_2022_02_02/splitter/splitter.vhd">
      <FileInfo>
        <Attr Name="AutoDisabled" Val="1"/>
        <Attr Name="ImportPath" Val="$PPRDIR/../lib_SAP_2022_02_02/splitter/splitter.vhd"/>
        <Attr Name="ImportTime" Val="1676962307"/>
        <Attr Name="UsedIn" Val="synthesis"/>
        <Attr Name="UsedIn" Val="simulation"/>
      </FileInfo>
    </File>
    <File Path="$PSRCDIR/sources_1/imports/lib_SAP_2022_02_02/and/and_gate.vhd">
      <FileInfo>
        <Attr Name="AutoDisabled" Val="1"/>
        <Attr Name="ImportPath" Val="$PPRDIR/../lib_SAP_2022_02_02/and/and_gate.vhd"/>
        <Attr Name="ImportTime" Val="1676962302"/>
        <Attr Name="UsedIn" Val="synthesis"/>
        <Attr Name="UsedIn" Val="simulation"/>
      </FileInfo>
    </File>
    <File Path="$PSRCDIR/sources_1/imports/lib_SAP_2022_02_02/or/or_gate.vhd">
      <FileInfo>
        <Attr Name="AutoDisabled" Val="1"/>
        <Attr Name="ImportPath" Val="$PPRDIR/../lib_SAP_2022_02_02/or/or_gate.vhd"/>
        <Attr Name="ImportTime" Val="1676962304"/>
        <Attr Name="UsedIn" Val="synthesis"/>
        <Attr Name="UsedIn" Val="simulation"/>
      </FileInfo>
    </File>
    <File Path="$PSRCDIR/sources_1/imports/lib_SAP_2022_02_02/xor/xor_gate.vhd">
      <FileInfo>
        <Attr Name="AutoDisabled" Val="1"/>
        <Attr Name="ImportPath" Val="$PPRDIR/../lib_SAP_2022_02_02/xor/xor_gate.vhd"/>
        <Attr Name="ImportTime" Val="1676962307"/>
        <Attr Name="UsedIn" Val="synthesis"/>
        <Attr Name="UsedIn" Val="simulation"/>
      </FileInfo>
    </File>
    <File Path="$PSRCDIR/sources_1/imports/lib_SAP_2022_02_02/gnd/gnd.vhd">
      <FileInfo>
        <Attr Name="AutoDisabled" Val="1"/>
        <Attr Name="ImportPath" Val="$PPRDIR/../lib_SAP_2022_02_02/gnd/gnd.vhd"/>
        <Attr Name="ImportTime" Val="1676962303"/>
        <Attr Name="UsedIn" Val="synthesis"/>
        <Attr Name="UsedIn" Val="simulation"/>
      </FileInfo>
    </File>
    <Config>
      <Option Name="DesignMode" Val="RTL"/>
      <Option Name="TopModule" Val="lab5_vhdl"/>
      <Option Name="TopAutoSet" Val="TRUE"/>
    </Config>
  </FileSet>
  <FileSet Name="constrs_in" Type="Constrs" RelSrcDir="$PSRCDIR/constrs_1">
    <Filter Type="Constrs"/>
    <File Path="$PSRCDIR/constrs_1/new/lab5.xdc">
      <FileInfo>
        <Attr Name="UsedIn" Val="synthesis"/>
        <Attr Name="UsedIn" Val="implementation"/>
      </FileInfo>
    </File>
    <Config>
      <Option Name="TargetConstrsFile" Val="$PSRCDIR/constrs_1/new/lab5.xdc"/>
      <Option Name="ConstrsType" Val="XDC"/>
    </Config>
  </FileSet>
  <FileSet Name="utils" Type="Utils" RelSrcDir="$PSRCDIR/utils_1">
    <Filter Type="Utils"/>
    <Config>
      <Option Name="TopAutoSet" Val="TRUE"/>
    </Config>
  </FileSet>
  <Strategy Version="1" Minor="2">
    <StratHandle Name="Vivado Synthesis Defaults" Flow="Vivado Synthesis 2018">
      <Desc>Vivado Synthesis Defaults</Desc>
    </StratHandle>
    <Step Id="synth_design"/>
  </Strategy>
</GenRun>
