<?xml version="1.0" encoding="UTF-8"?>
<GenRun Id="synth_1" LaunchPart="xc7a35tcpg236-1" LaunchTime="1679383921">
  <File Type="PA-TCL" Name="la04_vhdl.tcl"/>
  <File Type="RDS-PROPCONSTRS" Name="la04_vhdl_drc_synth.rpt"/>
  <File Type="REPORTS-TCL" Name="la04_vhdl_reports.tcl"/>
  <File Type="RDS-RDS" Name="la04_vhdl.vds"/>
  <File Type="RDS-UTIL" Name="la04_vhdl_utilization_synth.rpt"/>
  <File Type="RDS-UTIL-PB" Name="la04_vhdl_utilization_synth.pb"/>
  <File Type="RDS-DCP" Name="la04_vhdl.dcp"/>
  <File Type="VDS-TIMINGSUMMARY" Name="la04_vhdl_timing_summary_synth.rpt"/>
  <File Type="VDS-TIMING-PB" Name="la04_vhdl_timing_summary_synth.pb"/>
  <FileSet Name="sources" Type="DesignSrcs" RelSrcDir="$PSRCDIR/sources_1">
    <Filter Type="Srcs"/>
    <File Path="$PSRCDIR/sources_1/imports/lib_SAP_2022_02_02/debounce/debounce.vhd">
      <FileInfo>
        <Attr Name="ImportPath" Val="$PPRDIR/../lib_SAP_2022_02_02/debounce/debounce.vhd"/>
        <Attr Name="ImportTime" Val="1676962303"/>
        <Attr Name="UsedIn" Val="synthesis"/>
        <Attr Name="UsedIn" Val="simulation"/>
      </FileInfo>
    </File>
    <File Path="$PSRCDIR/sources_1/imports/Downloads/decoder_algebra.vhd">
      <FileInfo>
        <Attr Name="ImportPath" Val="//drive.fit.cvut.cz/home/shibakir/Downloads/decoder_algebra.vhd"/>
        <Attr Name="ImportTime" Val="1679381677"/>
        <Attr Name="UsedIn" Val="synthesis"/>
        <Attr Name="UsedIn" Val="simulation"/>
      </FileInfo>
    </File>
    <File Path="$PSRCDIR/sources_1/imports/lib_SAP_2022_02_02/dff/dff.vhd">
      <FileInfo>
        <Attr Name="ImportPath" Val="$PPRDIR/../lib_SAP_2022_02_02/dff/dff.vhd"/>
        <Attr Name="ImportTime" Val="1676962303"/>
        <Attr Name="UsedIn" Val="synthesis"/>
        <Attr Name="UsedIn" Val="simulation"/>
      </FileInfo>
    </File>
    <File Path="$PSRCDIR/sources_1/imports/lib_SAP_2022_02_02/gnd/gnd.vhd">
      <FileInfo>
        <Attr Name="ImportPath" Val="$PPRDIR/../lib_SAP_2022_02_02/gnd/gnd.vhd"/>
        <Attr Name="ImportTime" Val="1676962303"/>
        <Attr Name="UsedIn" Val="synthesis"/>
        <Attr Name="UsedIn" Val="simulation"/>
      </FileInfo>
    </File>
    <File Path="$PSRCDIR/sources_1/imports/Downloads/l4_next_state_logic.vhd">
      <FileInfo>
        <Attr Name="ImportPath" Val="//drive.fit.cvut.cz/home/shibakir/Downloads/l4_next_state_logic.vhd"/>
        <Attr Name="ImportTime" Val="1678776140"/>
        <Attr Name="UsedIn" Val="synthesis"/>
        <Attr Name="UsedIn" Val="simulation"/>
      </FileInfo>
    </File>
    <File Path="$PSRCDIR/sources_1/imports/Downloads/l4_output_logic.vhd">
      <FileInfo>
        <Attr Name="ImportPath" Val="//drive.fit.cvut.cz/home/shibakir/Downloads/l4_output_logic.vhd"/>
        <Attr Name="ImportTime" Val="1678776141"/>
        <Attr Name="UsedIn" Val="synthesis"/>
        <Attr Name="UsedIn" Val="simulation"/>
      </FileInfo>
    </File>
    <File Path="$PSRCDIR/sources_1/imports/lib_SAP_2022_02_02/vcc/vcc.vhd">
      <FileInfo>
        <Attr Name="ImportPath" Val="$PPRDIR/../lib_SAP_2022_02_02/vcc/vcc.vhd"/>
        <Attr Name="ImportTime" Val="1676962307"/>
        <Attr Name="UsedIn" Val="synthesis"/>
        <Attr Name="UsedIn" Val="simulation"/>
      </FileInfo>
    </File>
    <File Path="$PSRCDIR/sources_1/imports/tmp/la04.vhd">
      <FileInfo>
        <Attr Name="ImportPath" Val="$PPRDIR/tmp/la04.vhd"/>
        <Attr Name="ImportTime" Val="1679383260"/>
        <Attr Name="UsedIn" Val="synthesis"/>
        <Attr Name="UsedIn" Val="simulation"/>
      </FileInfo>
    </File>
    <File Path="$PSRCDIR/sources_1/bd/la04/la04.bd">
      <FileInfo>
        <Attr Name="AutoDisabled" Val="1"/>
        <Attr Name="UsedIn" Val="synthesis"/>
        <Attr Name="UsedIn" Val="implementation"/>
        <Attr Name="UsedIn" Val="simulation"/>
      </FileInfo>
    </File>
    <File Path="$PSRCDIR/sources_1/imports/lib_SAP_2022_02_02/buf/buf.vhd">
      <FileInfo>
        <Attr Name="AutoDisabled" Val="1"/>
        <Attr Name="ImportPath" Val="$PPRDIR/../lib_SAP_2022_02_02/buf/buf.vhd"/>
        <Attr Name="ImportTime" Val="1676962302"/>
        <Attr Name="UsedIn" Val="synthesis"/>
        <Attr Name="UsedIn" Val="simulation"/>
      </FileInfo>
    </File>
    <File Path="$PSRCDIR/sources_1/imports/lib_SAP_2022_02_02/mux/mux.vhd">
      <FileInfo>
        <Attr Name="AutoDisabled" Val="1"/>
        <Attr Name="ImportPath" Val="$PPRDIR/../lib_SAP_2022_02_02/mux/mux.vhd"/>
        <Attr Name="ImportTime" Val="1676962304"/>
        <Attr Name="UsedIn" Val="synthesis"/>
        <Attr Name="UsedIn" Val="simulation"/>
      </FileInfo>
    </File>
    <File Path="$PSRCDIR/sources_1/imports/lib_SAP_2022_02_02/inv/inv.vhd">
      <FileInfo>
        <Attr Name="AutoDisabled" Val="1"/>
        <Attr Name="ImportPath" Val="$PPRDIR/../lib_SAP_2022_02_02/inv/inv.vhd"/>
        <Attr Name="ImportTime" Val="1676962304"/>
        <Attr Name="UsedIn" Val="synthesis"/>
        <Attr Name="UsedIn" Val="simulation"/>
      </FileInfo>
    </File>
    <File Path="$PSRCDIR/sources_1/imports/lib_SAP_2022_02_02/splitter/splitter.vhd">
      <FileInfo>
        <Attr Name="AutoDisabled" Val="1"/>
        <Attr Name="ImportPath" Val="$PPRDIR/../lib_SAP_2022_02_02/splitter/splitter.vhd"/>
        <Attr Name="ImportTime" Val="1676962307"/>
        <Attr Name="UsedIn" Val="synthesis"/>
        <Attr Name="UsedIn" Val="simulation"/>
      </FileInfo>
    </File>
    <File Path="$PSRCDIR/sources_1/imports/lib_SAP_2022_02_02/and/and_gate.vhd">
      <FileInfo>
        <Attr Name="AutoDisabled" Val="1"/>
        <Attr Name="ImportPath" Val="$PPRDIR/../lib_SAP_2022_02_02/and/and_gate.vhd"/>
        <Attr Name="ImportTime" Val="1676962302"/>
        <Attr Name="UsedIn" Val="synthesis"/>
        <Attr Name="UsedIn" Val="simulation"/>
      </FileInfo>
    </File>
    <File Path="$PSRCDIR/sources_1/imports/lib_SAP_2022_02_02/or/or_gate.vhd">
      <FileInfo>
        <Attr Name="AutoDisabled" Val="1"/>
        <Attr Name="ImportPath" Val="$PPRDIR/../lib_SAP_2022_02_02/or/or_gate.vhd"/>
        <Attr Name="ImportTime" Val="1676962304"/>
        <Attr Name="UsedIn" Val="synthesis"/>
        <Attr Name="UsedIn" Val="simulation"/>
      </FileInfo>
    </File>
    <File Path="$PSRCDIR/sources_1/imports/lib_SAP_2022_02_02/xor/xor_gate.vhd">
      <FileInfo>
        <Attr Name="AutoDisabled" Val="1"/>
        <Attr Name="ImportPath" Val="$PPRDIR/../lib_SAP_2022_02_02/xor/xor_gate.vhd"/>
        <Attr Name="ImportTime" Val="1676962307"/>
        <Attr Name="UsedIn" Val="synthesis"/>
        <Attr Name="UsedIn" Val="simulation"/>
      </FileInfo>
    </File>
    <Config>
      <Option Name="DesignMode" Val="RTL"/>
      <Option Name="TopModule" Val="la04_vhdl"/>
    </Config>
  </FileSet>
  <FileSet Name="constrs_in" Type="Constrs" RelSrcDir="$PSRCDIR/constrs_1">
    <Filter Type="Constrs"/>
    <File Path="$PSRCDIR/constrs_1/new/lab04.xdc">
      <FileInfo>
        <Attr Name="UsedIn" Val="synthesis"/>
        <Attr Name="UsedIn" Val="implementation"/>
      </FileInfo>
    </File>
    <Config>
      <Option Name="TargetConstrsFile" Val="$PSRCDIR/constrs_1/new/lab04.xdc"/>
      <Option Name="ConstrsType" Val="XDC"/>
    </Config>
  </FileSet>
  <FileSet Name="utils" Type="Utils" RelSrcDir="$PSRCDIR/utils_1">
    <Filter Type="Utils"/>
    <Config>
      <Option Name="TopAutoSet" Val="TRUE"/>
    </Config>
  </FileSet>
  <Strategy Version="1" Minor="2">
    <StratHandle Name="Vivado Synthesis Defaults" Flow="Vivado Synthesis 2018"/>
    <Step Id="synth_design"/>
  </Strategy>
</GenRun>
