<?xml version="1.0" encoding="UTF-8"?>
<GenRun Id="synth_1" LaunchPart="xc7a35tcpg236-1" LaunchTime="1678175927">
  <File Type="PA-TCL" Name="lab3_last_vhdl.tcl"/>
  <File Type="RDS-PROPCONSTRS" Name="lab3_last_vhdl_drc_synth.rpt"/>
  <File Type="REPORTS-TCL" Name="lab3_last_vhdl_reports.tcl"/>
  <File Type="RDS-RDS" Name="lab3_last_vhdl.vds"/>
  <File Type="RDS-UTIL" Name="lab3_last_vhdl_utilization_synth.rpt"/>
  <File Type="RDS-UTIL-PB" Name="lab3_last_vhdl_utilization_synth.pb"/>
  <File Type="RDS-DCP" Name="lab3_last_vhdl.dcp"/>
  <File Type="VDS-TIMINGSUMMARY" Name="lab3_last_vhdl_timing_summary_synth.rpt"/>
  <File Type="VDS-TIMING-PB" Name="lab3_last_vhdl_timing_summary_synth.pb"/>
  <FileSet Name="sources" Type="DesignSrcs" RelSrcDir="$PSRCDIR/sources_1">
    <Filter Type="Srcs"/>
    <File Path="$PSRCDIR/sources_1/imports/Desktop/decoder_algebra.vhd">
      <FileInfo>
        <Attr Name="ImportPath" Val="$PPRDIR/../lab3/lab3.srcs/sources_1/imports/Desktop/decoder_algebra.vhd"/>
        <Attr Name="ImportTime" Val="1678137044"/>
        <Attr Name="UsedIn" Val="synthesis"/>
        <Attr Name="UsedIn" Val="simulation"/>
      </FileInfo>
    </File>
    <File Path="$PSRCDIR/sources_1/imports/Desktop/decoder_algebra_nasobicka.vhd">
      <FileInfo>
        <Attr Name="ImportPath" Val="//drive.fit.cvut.cz/home/shibakir/Desktop/decoder_algebra_nasobicka.vhd"/>
        <Attr Name="ImportTime" Val="1678173887"/>
        <Attr Name="UsedIn" Val="synthesis"/>
        <Attr Name="UsedIn" Val="simulation"/>
      </FileInfo>
    </File>
    <File Path="$PSRCDIR/sources_1/imports/tmp/lab3_last.vhd">
      <FileInfo>
        <Attr Name="ImportPath" Val="$PPRDIR/tmp/lab3_last.vhd"/>
        <Attr Name="ImportTime" Val="1678175917"/>
        <Attr Name="UsedIn" Val="synthesis"/>
        <Attr Name="UsedIn" Val="simulation"/>
      </FileInfo>
    </File>
    <File Path="$PSRCDIR/sources_1/bd/lab3_last/lab3_last.bd">
      <FileInfo>
        <Attr Name="AutoDisabled" Val="1"/>
        <Attr Name="UsedIn" Val="synthesis"/>
        <Attr Name="UsedIn" Val="implementation"/>
        <Attr Name="UsedIn" Val="simulation"/>
      </FileInfo>
    </File>
    <Config>
      <Option Name="DesignMode" Val="RTL"/>
      <Option Name="TopModule" Val="lab3_last_vhdl"/>
      <Option Name="TopAutoSet" Val="TRUE"/>
    </Config>
  </FileSet>
  <FileSet Name="constrs_in" Type="Constrs" RelSrcDir="$PSRCDIR/constrs_1">
    <Filter Type="Constrs"/>
    <File Path="$PSRCDIR/constrs_1/new/lab3_last.xdc">
      <FileInfo>
        <Attr Name="UsedIn" Val="synthesis"/>
        <Attr Name="UsedIn" Val="implementation"/>
      </FileInfo>
    </File>
    <Config>
      <Option Name="TargetConstrsFile" Val="$PSRCDIR/constrs_1/new/lab3_last.xdc"/>
      <Option Name="ConstrsType" Val="XDC"/>
    </Config>
  </FileSet>
  <FileSet Name="utils" Type="Utils" RelSrcDir="$PSRCDIR/utils_1">
    <Filter Type="Utils"/>
    <Config>
      <Option Name="TopAutoSet" Val="TRUE"/>
    </Config>
  </FileSet>
  <Strategy Version="1" Minor="2">
    <StratHandle Name="Vivado Synthesis Defaults" Flow="Vivado Synthesis 2018">
      <Desc>Vivado Synthesis Defaults</Desc>
    </StratHandle>
    <Step Id="synth_design"/>
  </Strategy>
</GenRun>
